Nama Simpeg,Konversi ABK,Umum
Analis Anggaran Ahli Muda Bagian Umum,Analis Anggaran Ahli Muda,Analis Anggaran
Analis Kepegawaian Ahli Muda Bagian Umum,Analis SDM Aparatur Ahli Muda,Analis SDM Aparatur
Analis Pengelolaan Keuangan APBN Ahli Muda BPS Kabupaten/Kota,Analis Pengelola Keuangan APBN Ahli Muda,Analis Pengelola Keuangan APBN
Analis Pengelolaan Keuangan APBN Ahli Pertama Bagian Umum,Analis Pengelola Keuangan APBN Ahli Pertama,Analis Pengelola Keuangan APBN
Analis Pengelolaan Keuangan APBN Ahli Pertama BPS Kabupaten/Kota,Analis Pengelola Keuangan APBN Ahli Pertama,Analis Pengelola Keuangan APBN
Analis Pengelolaan Keuangan APBN Ahli Pertama BPS Provinsi,Analis Pengelola Keuangan APBN Ahli Pertama,Analis Pengelola Keuangan APBN
Analis Pengelolaan Keuangan APBN Ahli Pertama Subbagian Umum,Analis Pengelola Keuangan APBN Ahli Pertama,Analis Pengelola Keuangan APBN
Analis SDM Aparatur Ahli Muda Bagian Umum,Analis SDM Aparatur Ahli Muda,Analis SDM Aparatur
Analis SDM Aparatur Ahli Pertama Bagian Umum,Analis SDM Aparatur Ahli Pertama,Analis SDM Aparatur
Analis SDM Aparatur Ahli Pertama BPS Provinsi,Analis SDM Aparatur Ahli Pertama,Analis SDM Aparatur
Arsiparis Ahli Muda Bagian Umum,Arsiparis Ahli Muda,Arsiparis
Arsiparis Ahli Pertama Bagian Umum,Arsiparis Ahli Pertama,Arsiparis
Arsiparis Ahli Pertama BPS Provinsi,Arsiparis Ahli Pertama,Arsiparis
Arsiparis Terampil Bagian Umum,Arsiparis Terampil,Arsiparis
Fungsional Umum BPS Provinsi,Pengolah Data,Pengolah Data
Fungsional Umum BPS Kabupaten/Kota,Pengolah Data,Pengolah Data
Fungsional Umum Subbagian Umum,Pengolah Data,Pengolah Data
Penata Laksana Barang Mahir BPS Provinsi,Penata Laksana Barang Mahir,Penata Laksana Barang
Penata Laksana Barang Mahir Bagian Umum,Penata Laksana Barang Mahir,Penata Laksana Barang
Pengelola Pengadaan Barang dan Jasa Ahli Pertama Bagian Umum,Pengelola Pengadaan Barang dan Jasa Ahli Pertama,Pengelola Pengadaan Barang dan Jasa
Pengelola Pengadaan Barang dan Jasa Ahli Pertama BPS Provinsi,Pengelola Pengadaan Barang dan Jasa Ahli Pertama,Pengelola Pengadaan Barang dan Jasa
Penugasan Arsiparis Ahli Pertama BPS Provinsi,Pengolah Data,Pengolah Data
Penugasan Pustakawan Mahir BPS Provinsi,Pengolah Data,Pengolah Data
Penugasan Statistisi Ahli Pertama BPS Kabupaten/Kota,Pengolah Data,Pengolah Data
Penugasan Statistisi Terampil Subbagian Umum,Pengolah Data,Pengolah Data
Pranata Keuangan APBN Mahir Bagian Umum,Pranata Keuangan APBN Mahir,Pranata Keuangan APBN
Pranata Keuangan APBN Mahir Subbagian Umum,Pranata Keuangan APBN Mahir,Pranata Keuangan APBN
Pranata Keuangan APBN Mahir BPS Kabupaten/Kota,Pranata Keuangan APBN Mahir,Pranata Keuangan APBN
Pranata Keuangan APBN Mahir BPS Provinsi,Pranata Keuangan APBN Mahir,Pranata Keuangan APBN
Pranata Keuangan APBN Penyelia BPS Provinsi,Pranata Keuangan APBN Penyelia,Pranata Keuangan APBN
Pranata Keuangan APBN Terampil Bagian Umum,Pranata Keuangan APBN Terampil,Pranata Keuangan APBN
Pranata Keuangan APBN Terampil BPS Kabupaten/Kota,Pranata Keuangan APBN Terampil,Pranata Keuangan APBN
Pranata Keuangan APBN Terampil Subbagian Umum,Pranata Keuangan APBN Terampil,Pranata Keuangan APBN
Pranata Komputer Ahli Muda BPS Kabupaten/Kota,Pranata Komputer Ahli Muda,Pranata Komputer
Pranata Komputer Ahli Muda BPS Provinsi,Pranata Komputer Ahli Muda,Pranata Komputer
Pranata Komputer Ahli Pertama Bagian Umum,Pranata Komputer Ahli Pertama,Pranata Komputer
Pranata Komputer Ahli Pertama BPS Kabupaten/Kota,Pranata Komputer Ahli Pertama,Pranata Komputer
Pranata Komputer Ahli Pertama BPS Provinsi,Pranata Komputer Ahli Pertama,Pranata Komputer
Pranata Komputer Terampil BPS Kabupaten/Kota,Pranata Komputer Terampil,Pranata Komputer
Pranata SDM Aparatur Terampil Subbagian Umum,Pranata SDM Aparatur Terampil,Pranata SDM Aparatur
Staf BPS Kabupaten/Kota,Pengolah Data,Pengolah Data
Staf BPS Provinsi,Pengolah Data,Pengolah Data
Staf Subbagian Umum,Pengolah Data,Pengolah Data
Statistisi Ahli Madya BPS Kabupaten/Kota,Statistisi Ahli Madya,Statistisi
Statistisi Ahli Madya BPS Provinsi,Statistisi Ahli Madya,Statistisi
Statistisi Ahli Muda BPS Kabupaten/Kota,Statistisi Ahli Muda,Statistisi
Statistisi Ahli Muda BPS Provinsi,Statistisi Ahli Muda,Statistisi
Statistisi Ahli Muda Seksi Statistik Ketahanan Sosial,Statistisi Ahli Muda,Statistisi
Statistisi Ahli Muda Subbagian Umum,Statistisi Ahli Muda,Statistisi
Statistisi Ahli Pertama Bagian Umum,Statistisi Ahli Pertama,Statistisi
Statistisi Ahli Pertama BPS Kabupaten/Kota,Statistisi Ahli Pertama,Statistisi
Statistisi Ahli Pertama BPS Provinsi,Statistisi Ahli Pertama,Statistisi
Statistisi Ahli Pertama Subbagian Umum,Statistisi Ahli Pertama,Statistisi
Statistisi Mahir BPS Kabupaten/Kota,Statistisi Mahir,Statistisi
Statistisi Mahir BPS Provinsi,Statistisi Mahir,Statistisi
Statistisi Mahir Subbagian Umum,Statistisi Mahir,Statistisi
Statistisi Penyelia BPS Kabupaten/Kota,Statistisi Penyelia,Statistisi
Statistisi Penyelia BPS Provinsi,Statistisi Penyelia,Statistisi
Statistisi Penyelia Subbagian Umum,Statistisi Penyelia,Statistisi
Statistisi Terampil BPS Kabupaten/Kota,Statistisi Terampil,Statistisi
Statistisi Terampil BPS Provinsi,Statistisi Terampil,Statistisi
Statistisi Terampil Subbagian Umum,Statistisi Terampil,Statistisi
Kepala Bagian Umum,Kepala Bagian Umum,Kepala Bagian Umum
Kepala BPS Kabupaten/Kota,Kepala BPS Kabupaten/Kota,Kepala BPS Kabupaten/Kota
Kepala BPS Provinsi,Kepala BPS Provinsi,Kepala BPS Provinsi
Kepala Subbagian Umum,Kepala Subbagian Umum,Kepala Subbagian Umum